id,origin,module,entity,action,kind,audit_status,ui_file_symbol,backend_file_symbol,schema_evidence,permission_rule,scope_rule,transition,side_effects,renderer,readiness,blockers,test_evidence
H001,handoff_candidate,Đề xuất chung,request_instance,search,query,STATIC_TRACE,pages/request/RequestList.tsx,lib/requestRuntimeService.ts#list -> list_request_instances,supabase/migrations/20260903063714_cloud_schema_baseline_v2.sql:47376#list_request_instances,request.instance.view_own/view_all; backend visibility,own/assigned/global,Không đổi,Không có business mutation,list,planned,Chưa có Center renderer/gateway; cần projection/ACL và Cloud evidence.,V1 requestRuntimeService unit/mock
H002,handoff_candidate,Đề xuất chung,request_instance,view,query,STATIC_TRACE,components/request/RequestDetailPanel.tsx,lib/requestRuntimeService.ts#getDetail -> get_request_detail,supabase/migrations/20260903063714_cloud_schema_baseline_v2.sql:46489#get_request_detail,request visibility + capabilities trả từ server,record,Không đổi,Không có business mutation,detail,planned,Chưa có Center renderer/gateway; cần projection/ACL và Cloud evidence.,V1 requestRuntimeService unit/mock
H003,handoff_candidate,Đề xuất chung,request_working_copy,create_draft,draft,GAP_CONFIRMED_FROM_SOURCE,components/request/RequestCreateDialog.tsx#useState,Chưa có durable draft service,Xem code client; chưa xác nhận invariant DB end-to-end,Chưa có draft ACL,owner chưa triển khai,Chưa gửi,Không được tạo assignment khi autosave,form,blocked,F04: form state reset; cần durable working copy; không tự thêm DRAFT vào Request lifecycle.,NOT_RUN
H004,handoff_candidate,Đề xuất chung,request_working_copy,update_draft,draft,GAP_CONFIRMED_FROM_SOURCE,components/request/RequestCreateDialog.tsx#useState,Chưa có durable draft service,Xem code client; chưa xác nhận invariant DB end-to-end,Chưa có draft ACL,owner chưa triển khai,Chưa gửi,Không được tạo assignment khi autosave,form,blocked,F04: form state reset; cần durable working copy; không tự thêm DRAFT vào Request lifecycle.,NOT_RUN
H005,handoff_candidate,Đề xuất chung,request_instance,submit,command,STATIC_TRACE,components/request/RequestCreateDialog.tsx#submit,lib/requestRuntimeService.ts#submit -> submit_request,supabase/migrations/20260903063714_cloud_schema_baseline_v2.sql:33098#submit_request; supabase/migrations/20260903063714_cloud_schema_baseline_v2.sql:54521#submit_request,request.instance.create; template eligibility,actor/template,Tạo hồ sơ và workflow theo template snapshot,Assignments/audit/notification outbox,form,planned,Chưa có Center preview/execute/receipt/status; cần Cloud behavior tests.,V1 requestRuntimeService/requestApprovalDomain unit/mock
H006,handoff_candidate,Đề xuất chung,,withdraw,unclassified,UNVERIFIED,,,,,,,,,planned,Chưa truy vết action; không suy backend/quyền từ tên ứng viên.,NOT_RUN
H007,handoff_candidate,Đề xuất chung,request_instance,approve,command,STATIC_TRACE,components/request/RequestActionBar.tsx#execute,lib/requestRuntimeService.ts#act -> act_on_request,supabase/migrations/20260903063714_cloud_schema_baseline_v2.sql:343#act_on_request; supabase/migrations/20260903063714_cloud_schema_baseline_v2.sql:39469#act_on_request,request.instance.*; app_private.request_actor_has_lifecycle_action; assignment thật,assigned/record,APPROVE theo runtime; không suy final status,Workflow assignment/history/outbox,detail,planned,Chưa có Center preview/execute/receipt/status; cần Cloud behavior tests.,V1 requestActionAvailability/requestRuntimeService unit/mock
H008,handoff_candidate,Đề xuất chung,request_instance,return,command,STATIC_TRACE,components/request/RequestActionBar.tsx#execute,lib/requestRuntimeService.ts#act -> act_on_request,supabase/migrations/20260903063714_cloud_schema_baseline_v2.sql:343#act_on_request; supabase/migrations/20260903063714_cloud_schema_baseline_v2.sql:39469#act_on_request,request.instance.*; app_private.request_actor_has_lifecycle_action; assignment thật,assigned/record,RETURN theo runtime; không suy final status,Workflow assignment/history/outbox,detail,planned,Chưa có Center preview/execute/receipt/status; cần Cloud behavior tests.,V1 requestActionAvailability/requestRuntimeService unit/mock
H009,handoff_candidate,Đề xuất chung,request_instance,reject,command,STATIC_TRACE,components/request/RequestActionBar.tsx#execute,lib/requestRuntimeService.ts#act -> act_on_request,supabase/migrations/20260903063714_cloud_schema_baseline_v2.sql:343#act_on_request; supabase/migrations/20260903063714_cloud_schema_baseline_v2.sql:39469#act_on_request,request.instance.*; app_private.request_actor_has_lifecycle_action; assignment thật,assigned/record,REJECT theo runtime; không suy final status,Workflow assignment/history/outbox,detail,planned,Chưa có Center preview/execute/receipt/status; cần Cloud behavior tests.,V1 requestActionAvailability/requestRuntimeService unit/mock
H010,handoff_candidate,Đề xuất chung,,close,unclassified,UNVERIFIED,,,,,,,,,planned,Chưa truy vết action; không suy backend/quyền từ tên ứng viên.,NOT_RUN
H011,handoff_candidate,Đề xuất vật tư,,pick_boq,unclassified,UNVERIFIED,,,,,,,,,planned,Chưa truy vết action; không suy backend/quyền từ tên ứng viên.,NOT_RUN
H012,handoff_candidate,Đề xuất vật tư,,calculate_available,unclassified,UNVERIFIED,,,,,,,,,planned,Chưa truy vết action; không suy backend/quyền từ tên ứng viên.,NOT_RUN
H013,handoff_candidate,Đề xuất vật tư,,create_draft,unclassified,UNVERIFIED,,,,,,,,,planned,Chưa truy vết action; không suy backend/quyền từ tên ứng viên.,NOT_RUN
H014,handoff_candidate,Đề xuất vật tư,,submit,unclassified,UNVERIFIED,,,,,,,,,planned,Chưa truy vết action; không suy backend/quyền từ tên ứng viên.,NOT_RUN
H015,handoff_candidate,Đề xuất vật tư,,approve,unclassified,UNVERIFIED,,,,,,,,,planned,Chưa truy vết action; không suy backend/quyền từ tên ứng viên.,NOT_RUN
H016,handoff_candidate,Đề xuất vật tư,,allocate,unclassified,UNVERIFIED,,,,,,,,,planned,Chưa truy vết action; không suy backend/quyền từ tên ứng viên.,NOT_RUN
H017,handoff_candidate,Đề xuất vật tư,,track_fulfillment,unclassified,UNVERIFIED,,,,,,,,,planned,Chưa truy vết action; không suy backend/quyền từ tên ứng viên.,NOT_RUN
H018,handoff_candidate,Quy trình,,start_instance,unclassified,UNVERIFIED,,,,,,,,,planned,Chưa truy vết action; không suy backend/quyền từ tên ứng viên.,NOT_RUN
H019,handoff_candidate,Quy trình,,fill_step,unclassified,UNVERIFIED,,,,,,,,,planned,Chưa truy vết action; không suy backend/quyền từ tên ứng viên.,NOT_RUN
H020,handoff_candidate,Quy trình,,submit_step,unclassified,UNVERIFIED,,,,,,,,,planned,Chưa truy vết action; không suy backend/quyền từ tên ứng viên.,NOT_RUN
H021,handoff_candidate,Quy trình,,approve_step,unclassified,UNVERIFIED,,,,,,,,,planned,Chưa truy vết action; không suy backend/quyền từ tên ứng viên.,NOT_RUN
H022,handoff_candidate,Quy trình,,return_step,unclassified,UNVERIFIED,,,,,,,,,planned,Chưa truy vết action; không suy backend/quyền từ tên ứng viên.,NOT_RUN
H023,handoff_candidate,Quy trình,,delegate,unclassified,UNVERIFIED,,,,,,,,,planned,Chưa truy vết action; không suy backend/quyền từ tên ứng viên.,NOT_RUN
H024,handoff_candidate,Quy trình,,cancel_instance,unclassified,UNVERIFIED,,,,,,,,,planned,Chưa truy vết action; không suy backend/quyền từ tên ứng viên.,NOT_RUN
H025,handoff_candidate,Quy trình,,view_timeline,unclassified,UNVERIFIED,,,,,,,,,planned,Chưa truy vết action; không suy backend/quyền từ tên ứng viên.,NOT_RUN
H026,handoff_candidate,Cấu hình quy trình,,create_template,unclassified,UNVERIFIED,,,,,,,,,planned,Chưa truy vết action; không suy backend/quyền từ tên ứng viên.,NOT_RUN
H027,handoff_candidate,Cấu hình quy trình,,edit_template,unclassified,UNVERIFIED,,,,,,,,,planned,Chưa truy vết action; không suy backend/quyền từ tên ứng viên.,NOT_RUN
H028,handoff_candidate,Cấu hình quy trình,,validate_template,unclassified,UNVERIFIED,,,,,,,,,planned,Chưa truy vết action; không suy backend/quyền từ tên ứng viên.,NOT_RUN
H029,handoff_candidate,Cấu hình quy trình,,publish_version,unclassified,UNVERIFIED,,,,,,,,,planned,Chưa truy vết action; không suy backend/quyền từ tên ứng viên.,NOT_RUN
H030,handoff_candidate,Tài sản,,search,unclassified,UNVERIFIED,,,,,,,,,planned,Chưa truy vết action; không suy backend/quyền từ tên ứng viên.,NOT_RUN
H031,handoff_candidate,Tài sản,,register,unclassified,UNVERIFIED,,,,,,,,,planned,Chưa truy vết action; không suy backend/quyền từ tên ứng viên.,NOT_RUN
H032,handoff_candidate,Tài sản,,request_issue,unclassified,UNVERIFIED,,,,,,,,,planned,Chưa truy vết action; không suy backend/quyền từ tên ứng viên.,NOT_RUN
H033,handoff_candidate,Tài sản,,approve_issue,unclassified,UNVERIFIED,,,,,,,,,planned,Chưa truy vết action; không suy backend/quyền từ tên ứng viên.,NOT_RUN
H034,handoff_candidate,Tài sản,asset_assignment,handover,command,GAP_CONFIRMED_FROM_SOURCE,pages/ts/AssetAssignment.tsx,lib/assetAssignmentService.ts#record -> record_asset_assignment,supabase/migrations/20260903063714_cloud_schema_baseline_v2.sql:50620#record_asset_assignment,asset.assignment.assign; asset_record_has_action,warehouse/department/assigned,Ghi nhận assign và cập nhật người giữ,asset_assignments + assets,form,blocked,F05: thiếu expected revision/receipt replay; cần actor server và invariant trạng thái/người giữ.,V1 assetAssignmentService unit/mock; chưa Cloud invariant
H035,handoff_candidate,Tài sản,asset_assignment,transfer,command,GAP_CONFIRMED_FROM_SOURCE,pages/ts/AssetAssignment.tsx,lib/assetAssignmentService.ts#record -> record_asset_assignment,supabase/migrations/20260903063714_cloud_schema_baseline_v2.sql:50620#record_asset_assignment,asset.assignment.transfer; asset_record_has_action,warehouse/department/assigned,Ghi nhận transfer và cập nhật người giữ,asset_assignments + assets,form,blocked,F05: thiếu expected revision/receipt replay; cần actor server và invariant trạng thái/người giữ.,V1 assetAssignmentService unit/mock; chưa Cloud invariant
H036,handoff_candidate,Tài sản,asset_assignment,return_asset,command,GAP_CONFIRMED_FROM_SOURCE,pages/ts/AssetAssignment.tsx,lib/assetAssignmentService.ts#record -> record_asset_assignment,supabase/migrations/20260903063714_cloud_schema_baseline_v2.sql:50620#record_asset_assignment,asset.assignment.return; asset_record_has_action,warehouse/department/assigned,Ghi nhận return và cập nhật người giữ,asset_assignments + assets,form,blocked,F05: thiếu expected revision/receipt replay; cần actor server và invariant trạng thái/người giữ.,V1 assetAssignmentService unit/mock; chưa Cloud invariant
H037,handoff_candidate,Tài sản,,maintenance,unclassified,UNVERIFIED,,,,,,,,,planned,Chưa truy vết action; không suy backend/quyền từ tên ứng viên.,NOT_RUN
H038,handoff_candidate,Tài sản,,inventory_count,unclassified,UNVERIFIED,,,,,,,,,planned,Chưa truy vết action; không suy backend/quyền từ tên ứng viên.,NOT_RUN
H039,handoff_candidate,Tài sản,,dispose,unclassified,UNVERIFIED,,,,,,,,,planned,Chưa truy vết action; không suy backend/quyền từ tên ứng viên.,NOT_RUN
H040,handoff_candidate,Dự án,,search,unclassified,UNVERIFIED,,,,,,,,,planned,Chưa truy vết action; không suy backend/quyền từ tên ứng viên.,NOT_RUN
H041,handoff_candidate,Dự án,,view,unclassified,UNVERIFIED,,,,,,,,,planned,Chưa truy vết action; không suy backend/quyền từ tên ứng viên.,NOT_RUN
H042,handoff_candidate,Dự án,,create,unclassified,UNVERIFIED,,,,,,,,,planned,Chưa truy vết action; không suy backend/quyền từ tên ứng viên.,NOT_RUN
H043,handoff_candidate,Dự án,,update,unclassified,UNVERIFIED,,,,,,,,,planned,Chưa truy vết action; không suy backend/quyền từ tên ứng viên.,NOT_RUN
H044,handoff_candidate,Dự án,,manage_members,unclassified,UNVERIFIED,,,,,,,,,planned,Chưa truy vết action; không suy backend/quyền từ tên ứng viên.,NOT_RUN
H045,handoff_candidate,Dự án,,create_task,unclassified,UNVERIFIED,,,,,,,,,planned,Chưa truy vết action; không suy backend/quyền từ tên ứng viên.,NOT_RUN
H046,handoff_candidate,Dự án,,update_task,unclassified,UNVERIFIED,,,,,,,,,planned,Chưa truy vết action; không suy backend/quyền từ tên ứng viên.,NOT_RUN
H047,handoff_candidate,Dự án,,set_baseline,unclassified,UNVERIFIED,,,,,,,,,planned,Chưa truy vết action; không suy backend/quyền từ tên ứng viên.,NOT_RUN
H048,handoff_candidate,Dự án,,update_progress,unclassified,UNVERIFIED,,,,,,,,,planned,Chưa truy vết action; không suy backend/quyền từ tên ứng viên.,NOT_RUN
H049,handoff_candidate,Dự án,,view_gantt,unclassified,UNVERIFIED,,,,,,,,,planned,Chưa truy vết action; không suy backend/quyền từ tên ứng viên.,NOT_RUN
H050,handoff_candidate,BOQ và định mức,boq_material_budget,view,query,STATIC_TRACE,components/project/material/BoqMaterialPlanningWorkspace.tsx,lib/materialPlanning/boqMaterialReadService.ts#listPage -> list_boq_material_planning_v1,supabase/migrations/20260921084500_boq_material_planning_read_model.sql:458#list_boq_material_planning_v1; supabase/migrations/20260922064202_fix_boq_material_planning_wrapper_security.sql:4#list_boq_material_planning_v1,Theo guards trong RPC; cần audit đủ permission codes,project/construction_site,Không đổi,Không,boq,planned,Chưa có Center renderer/gateway; cần projection/ACL và Cloud evidence.,NOT_RUN
H051,handoff_candidate,BOQ và định mức,,edit,unclassified,UNVERIFIED,,,,,,,,,planned,Chưa truy vết action; không suy backend/quyền từ tên ứng viên.,NOT_RUN
H052,handoff_candidate,BOQ và định mức,,import_preview,unclassified,UNVERIFIED,,,,,,,,,planned,Chưa truy vết action; không suy backend/quyền từ tên ứng viên.,NOT_RUN
H053,handoff_candidate,BOQ và định mức,,import_commit,unclassified,UNVERIFIED,,,,,,,,,planned,Chưa truy vết action; không suy backend/quyền từ tên ứng viên.,NOT_RUN
H054,handoff_candidate,BOQ và định mức,,approve_version,unclassified,UNVERIFIED,,,,,,,,,planned,Chưa truy vết action; không suy backend/quyền từ tên ứng viên.,NOT_RUN
H055,handoff_candidate,BOQ và định mức,,map_work_material,unclassified,UNVERIFIED,,,,,,,,,planned,Chưa truy vết action; không suy backend/quyền từ tên ứng viên.,NOT_RUN
H056,handoff_candidate,BOQ và định mức,,set_norm,unclassified,UNVERIFIED,,,,,,,,,planned,Chưa truy vết action; không suy backend/quyền từ tên ứng viên.,NOT_RUN
H057,handoff_candidate,BOQ và định mức,,set_conversion,unclassified,UNVERIFIED,,,,,,,,,planned,Chưa truy vết action; không suy backend/quyền từ tên ứng viên.,NOT_RUN
H058,handoff_candidate,Kế hoạch vật tư,,create_month_plan,unclassified,UNVERIFIED,,,,,,,,,planned,Chưa truy vết action; không suy backend/quyền từ tên ứng viên.,NOT_RUN
H059,handoff_candidate,Kế hoạch vật tư,,create_week_plan,unclassified,UNVERIFIED,,,,,,,,,planned,Chưa truy vết action; không suy backend/quyền từ tên ứng viên.,NOT_RUN
H060,handoff_candidate,Kế hoạch vật tư,,calculate_demand,unclassified,UNVERIFIED,,,,,,,,,planned,Chưa truy vết action; không suy backend/quyền từ tên ứng viên.,NOT_RUN
H061,handoff_candidate,Kế hoạch vật tư,,submit,unclassified,UNVERIFIED,,,,,,,,,planned,Chưa truy vết action; không suy backend/quyền từ tên ứng viên.,NOT_RUN
H062,handoff_candidate,Kế hoạch vật tư,,approve,unclassified,UNVERIFIED,,,,,,,,,planned,Chưa truy vết action; không suy backend/quyền từ tên ứng viên.,NOT_RUN
H063,handoff_candidate,Kế hoạch vật tư,,release,unclassified,UNVERIFIED,,,,,,,,,planned,Chưa truy vết action; không suy backend/quyền từ tên ứng viên.,NOT_RUN
H064,handoff_candidate,Mua hàng,,consolidate_requests,unclassified,UNVERIFIED,,,,,,,,,planned,Chưa truy vết action; không suy backend/quyền từ tên ứng viên.,NOT_RUN
H065,handoff_candidate,Mua hàng,,request_quote,unclassified,UNVERIFIED,,,,,,,,,planned,Chưa truy vết action; không suy backend/quyền từ tên ứng viên.,NOT_RUN
H066,handoff_candidate,Mua hàng,,create_po,unclassified,UNVERIFIED,,,,,,,,,planned,Chưa truy vết action; không suy backend/quyền từ tên ứng viên.,NOT_RUN
H067,handoff_candidate,Mua hàng,,edit_po,unclassified,UNVERIFIED,,,,,,,,,planned,Chưa truy vết action; không suy backend/quyền từ tên ứng viên.,NOT_RUN
H068,handoff_candidate,Mua hàng,,submit_po,unclassified,UNVERIFIED,,,,,,,,,planned,Chưa truy vết action; không suy backend/quyền từ tên ứng viên.,NOT_RUN
H069,handoff_candidate,Mua hàng,,approve_po,unclassified,UNVERIFIED,,,,,,,,,planned,Chưa truy vết action; không suy backend/quyền từ tên ứng viên.,NOT_RUN
H070,handoff_candidate,Mua hàng,,schedule_deliveries,unclassified,UNVERIFIED,,,,,,,,,planned,Chưa truy vết action; không suy backend/quyền từ tên ứng viên.,NOT_RUN
H071,handoff_candidate,Mua hàng,,revise_delivery_price,unclassified,UNVERIFIED,,,,,,,,,planned,Chưa truy vết action; không suy backend/quyền từ tên ứng viên.,NOT_RUN
H072,handoff_candidate,Mua hàng,,close_po,unclassified,UNVERIFIED,,,,,,,,,planned,Chưa truy vết action; không suy backend/quyền từ tên ứng viên.,NOT_RUN
H073,handoff_candidate,Mua hàng,,cancel_po,unclassified,UNVERIFIED,,,,,,,,,planned,Chưa truy vết action; không suy backend/quyền từ tên ứng viên.,NOT_RUN
H074,handoff_candidate,Kho,inventory,view_stock,query,STATIC_TRACE,pages/Inventory.tsx,lib/wmsWorkspaceService.ts#getInventory -> get_wms_inventory_workspace_v1,supabase/migrations/20260921120000_g6_wms_custody_transfer_inventory_count.sql:1437#get_wms_inventory_workspace_v1; supabase/migrations/20260921120000_g6_wms_custody_transfer_inventory_count.sql:1756#get_wms_inventory_workspace_v1,wms.inventory.view; warehouse guards,warehouse,Không đổi,Không,table,planned,Chưa có Center renderer/gateway; cần projection/ACL và Cloud evidence.,NOT_RUN
H075,handoff_candidate,Kho,,receive,unclassified,UNVERIFIED,,,,,,,,,planned,Chưa truy vết action; không suy backend/quyền từ tên ứng viên.,NOT_RUN
H076,handoff_candidate,Kho,,issue,unclassified,UNVERIFIED,,,,,,,,,planned,Chưa truy vết action; không suy backend/quyền từ tên ứng viên.,NOT_RUN
H077,handoff_candidate,Kho,,return,unclassified,UNVERIFIED,,,,,,,,,planned,Chưa truy vết action; không suy backend/quyền từ tên ứng viên.,NOT_RUN
H078,handoff_candidate,Kho,,transfer,unclassified,UNVERIFIED,,,,,,,,,planned,Chưa truy vết action; không suy backend/quyền từ tên ứng viên.,NOT_RUN
H079,handoff_candidate,Kho,,count,unclassified,UNVERIFIED,,,,,,,,,planned,Chưa truy vết action; không suy backend/quyền từ tên ứng viên.,NOT_RUN
H080,handoff_candidate,Kho,,adjust,unclassified,UNVERIFIED,,,,,,,,,planned,Chưa truy vết action; không suy backend/quyền từ tên ứng viên.,NOT_RUN
H081,handoff_candidate,Kho,,view_ledger,unclassified,UNVERIFIED,,,,,,,,,planned,Chưa truy vết action; không suy backend/quyền từ tên ứng viên.,NOT_RUN
H082,handoff_candidate,Nhà cung cấp,,search,unclassified,UNVERIFIED,,,,,,,,,planned,Chưa truy vết action; không suy backend/quyền từ tên ứng viên.,NOT_RUN
H083,handoff_candidate,Nhà cung cấp,,create,unclassified,UNVERIFIED,,,,,,,,,planned,Chưa truy vết action; không suy backend/quyền từ tên ứng viên.,NOT_RUN
H084,handoff_candidate,Nhà cung cấp,,update,unclassified,UNVERIFIED,,,,,,,,,planned,Chưa truy vết action; không suy backend/quyền từ tên ứng viên.,NOT_RUN
H085,handoff_candidate,Nhà cung cấp,,evaluate,unclassified,UNVERIFIED,,,,,,,,,planned,Chưa truy vết action; không suy backend/quyền từ tên ứng viên.,NOT_RUN
H086,handoff_candidate,Nhà cung cấp,,view_history,unclassified,UNVERIFIED,,,,,,,,,planned,Chưa truy vết action; không suy backend/quyền từ tên ứng viên.,NOT_RUN
H087,handoff_candidate,Nhật ký,,create_site_log,unclassified,UNVERIFIED,,,,,,,,,planned,Chưa truy vết action; không suy backend/quyền từ tên ứng viên.,NOT_RUN
H088,handoff_candidate,Nhật ký,,edit_site_log,unclassified,UNVERIFIED,,,,,,,,,planned,Chưa truy vết action; không suy backend/quyền từ tên ứng viên.,NOT_RUN
H089,handoff_candidate,Nhật ký,,submit_site_log,unclassified,UNVERIFIED,,,,,,,,,planned,Chưa truy vết action; không suy backend/quyền từ tên ứng viên.,NOT_RUN
H090,handoff_candidate,Nhật ký,,aggregate,unclassified,UNVERIFIED,,,,,,,,,planned,Chưa truy vết action; không suy backend/quyền từ tên ứng viên.,NOT_RUN
H091,handoff_candidate,Nhật ký,daily_log,submit_aggregate,command,STATIC_TRACE,components/project/daily-log/DailyLogSummaryWorkspace.tsx,lib/dailyLogWbsService.ts#submitSummary -> submit_daily_log_summary_v1,supabase/migrations/20260923100000_daily_log_summary_progress_publication.sql:201#submit_daily_log_summary_v1; supabase/migrations/20260923103000_daily_log_summary_revisions.sql:310#submit_daily_log_summary_v1,Room/source/summary guards trong domain,project/construction_site/assignment,Gửi summary theo runtime,Summary workflow,table,planned,Chưa có Center preview/execute/receipt/status; cần Cloud behavior tests.,NOT_RUN
H092,handoff_candidate,Nhật ký,,approve,unclassified,UNVERIFIED,,,,,,,,,planned,Chưa truy vết action; không suy backend/quyền từ tên ứng viên.,NOT_RUN
H093,handoff_candidate,Nhật ký,,return_to_source,unclassified,UNVERIFIED,,,,,,,,,planned,Chưa truy vết action; không suy backend/quyền từ tên ứng viên.,NOT_RUN
H094,handoff_candidate,Chất lượng,,request_inspection,unclassified,UNVERIFIED,,,,,,,,,planned,Chưa truy vết action; không suy backend/quyền từ tên ứng viên.,NOT_RUN
H095,handoff_candidate,Chất lượng,,update_checklist,unclassified,UNVERIFIED,,,,,,,,,planned,Chưa truy vết action; không suy backend/quyền từ tên ứng viên.,NOT_RUN
H096,handoff_candidate,Chất lượng,,view_drawing,unclassified,UNVERIFIED,,,,,,,,,planned,Chưa truy vết action; không suy backend/quyền từ tên ứng viên.,NOT_RUN
H097,handoff_candidate,Chất lượng,,mark_drawing,unclassified,UNVERIFIED,,,,,,,,,planned,Chưa truy vết action; không suy backend/quyền từ tên ứng viên.,NOT_RUN
H098,handoff_candidate,Chất lượng,,record_result,unclassified,UNVERIFIED,,,,,,,,,planned,Chưa truy vết action; không suy backend/quyền từ tên ứng viên.,NOT_RUN
H099,handoff_candidate,Chất lượng,,request_rework,unclassified,UNVERIFIED,,,,,,,,,planned,Chưa truy vết action; không suy backend/quyền từ tên ứng viên.,NOT_RUN
H100,handoff_candidate,Chất lượng,,reinspect,unclassified,UNVERIFIED,,,,,,,,,planned,Chưa truy vết action; không suy backend/quyền từ tên ứng viên.,NOT_RUN
H101,handoff_candidate,Chất lượng,,export_pdf,unclassified,UNVERIFIED,,,,,,,,,planned,Chưa truy vết action; không suy backend/quyền từ tên ứng viên.,NOT_RUN
H102,handoff_candidate,An toàn,,create_check,unclassified,UNVERIFIED,,,,,,,,,planned,Chưa truy vết action; không suy backend/quyền từ tên ứng viên.,NOT_RUN
H103,handoff_candidate,An toàn,,record_incident,unclassified,UNVERIFIED,,,,,,,,,planned,Chưa truy vết action; không suy backend/quyền từ tên ứng viên.,NOT_RUN
H104,handoff_candidate,An toàn,,assign_remedy,unclassified,UNVERIFIED,,,,,,,,,planned,Chưa truy vết action; không suy backend/quyền từ tên ứng viên.,NOT_RUN
H105,handoff_candidate,An toàn,,confirm_remedy,unclassified,UNVERIFIED,,,,,,,,,planned,Chưa truy vết action; không suy backend/quyền từ tên ứng viên.,NOT_RUN
H106,handoff_candidate,An toàn,,manage_safety_card,unclassified,UNVERIFIED,,,,,,,,,planned,Chưa truy vết action; không suy backend/quyền từ tên ứng viên.,NOT_RUN
H107,handoff_candidate,An toàn,,verify_expiry,unclassified,UNVERIFIED,,,,,,,,,planned,Chưa truy vết action; không suy backend/quyền từ tên ứng viên.,NOT_RUN
H108,handoff_candidate,Nhân sự,,view_profile,unclassified,UNVERIFIED,,,,,,,,,planned,Chưa truy vết action; không suy backend/quyền từ tên ứng viên.,NOT_RUN
H109,handoff_candidate,Nhân sự,,update_profile,unclassified,UNVERIFIED,,,,,,,,,planned,Chưa truy vết action; không suy backend/quyền từ tên ứng viên.,NOT_RUN
H110,handoff_candidate,Nhân sự,leave_request,request_leave,command,GAP_CONFIRMED_FROM_SOURCE,pages/hrm/LeaveManagement.tsx#handleSubmit/handleApprove,context/AppContext.tsx#addHrmItem/updateHrmItem/approveLeave,Xem code client; chưa xác nhận invariant DB end-to-end,hrm.leave.view/approve; cần audit create policy,own/direct_reports/org_unit; cần trace DB,pending/approved qua client,leave_requests + balances + attendance + logs,form,blocked,F06: nhiều lần ghi client; cần command atomic và rule nhiều cấp; chưa chứng minh transaction/receipt.,NOT_RUN
H111,handoff_candidate,Nhân sự,leave_request,approve_leave,command,GAP_CONFIRMED_FROM_SOURCE,pages/hrm/LeaveManagement.tsx#handleSubmit/handleApprove,context/AppContext.tsx#addHrmItem/updateHrmItem/approveLeave,Xem code client; chưa xác nhận invariant DB end-to-end,hrm.leave.view/approve; cần audit create policy,own/direct_reports/org_unit; cần trace DB,pending/approved qua client,leave_requests + balances + attendance + logs,form,blocked,F06: nhiều lần ghi client; cần command atomic và rule nhiều cấp; chưa chứng minh transaction/receipt.,NOT_RUN
H112,handoff_candidate,Nhân sự,,request_travel,unclassified,UNVERIFIED,,,,,,,,,planned,Chưa truy vết action; không suy backend/quyền từ tên ứng viên.,NOT_RUN
H113,handoff_candidate,Nhân sự,,onboard,unclassified,UNVERIFIED,,,,,,,,,planned,Chưa truy vết action; không suy backend/quyền từ tên ứng viên.,NOT_RUN
H114,handoff_candidate,Nhân sự,,view_attendance,unclassified,UNVERIFIED,,,,,,,,,planned,Chưa truy vết action; không suy backend/quyền từ tên ứng viên.,NOT_RUN
H115,handoff_candidate,Tài chính,,request_advance,unclassified,UNVERIFIED,,,,,,,,,planned,Chưa truy vết action; không suy backend/quyền từ tên ứng viên.,NOT_RUN
H116,handoff_candidate,Tài chính,,request_payment,unclassified,UNVERIFIED,,,,,,,,,planned,Chưa truy vết action; không suy backend/quyền từ tên ứng viên.,NOT_RUN
H117,handoff_candidate,Tài chính,,approve_payment,unclassified,UNVERIFIED,,,,,,,,,planned,Chưa truy vết action; không suy backend/quyền từ tên ứng viên.,NOT_RUN
H118,handoff_candidate,Tài chính,,plan_disbursement,unclassified,UNVERIFIED,,,,,,,,,planned,Chưa truy vết action; không suy backend/quyền từ tên ứng viên.,NOT_RUN
H119,handoff_candidate,Tài chính,,record_disbursement,unclassified,UNVERIFIED,,,,,,,,,planned,Chưa truy vết action; không suy backend/quyền từ tên ứng viên.,NOT_RUN
H120,handoff_candidate,Tài chính,,reconcile,unclassified,UNVERIFIED,,,,,,,,,planned,Chưa truy vết action; không suy backend/quyền từ tên ứng viên.,NOT_RUN
H121,handoff_candidate,Tài chính,,view_budget,unclassified,UNVERIFIED,,,,,,,,,planned,Chưa truy vết action; không suy backend/quyền từ tên ứng viên.,NOT_RUN
H122,handoff_candidate,Tài chính,,view_debt,unclassified,UNVERIFIED,,,,,,,,,planned,Chưa truy vết action; không suy backend/quyền từ tên ứng viên.,NOT_RUN
H123,handoff_candidate,Báo cáo,,query,unclassified,UNVERIFIED,,,,,,,,,planned,Chưa truy vết action; không suy backend/quyền từ tên ứng viên.,NOT_RUN
H124,handoff_candidate,Báo cáo,,filter,unclassified,UNVERIFIED,,,,,,,,,planned,Chưa truy vết action; không suy backend/quyền từ tên ứng viên.,NOT_RUN
H125,handoff_candidate,Báo cáo,,drilldown,unclassified,UNVERIFIED,,,,,,,,,planned,Chưa truy vết action; không suy backend/quyền từ tên ứng viên.,NOT_RUN
H126,handoff_candidate,Báo cáo,,prepare_export,unclassified,UNVERIFIED,,,,,,,,,planned,Chưa truy vết action; không suy backend/quyền từ tên ứng viên.,NOT_RUN
H127,handoff_candidate,Báo cáo,,run_export,unclassified,UNVERIFIED,,,,,,,,,planned,Chưa truy vết action; không suy backend/quyền từ tên ứng viên.,NOT_RUN
H128,handoff_candidate,Báo cáo,,download_export,unclassified,UNVERIFIED,,,,,,,,,planned,Chưa truy vết action; không suy backend/quyền từ tên ứng viên.,NOT_RUN
H129,handoff_candidate,Tệp và hồ sơ,,upload,unclassified,UNVERIFIED,,,,,,,,,planned,Chưa truy vết action; không suy backend/quyền từ tên ứng viên.,NOT_RUN
H130,handoff_candidate,Tệp và hồ sơ,,view,unclassified,UNVERIFIED,,,,,,,,,planned,Chưa truy vết action; không suy backend/quyền từ tên ứng viên.,NOT_RUN
H131,handoff_candidate,Tệp và hồ sơ,,download,unclassified,UNVERIFIED,,,,,,,,,planned,Chưa truy vết action; không suy backend/quyền từ tên ứng viên.,NOT_RUN
H132,handoff_candidate,Tệp và hồ sơ,,version,unclassified,UNVERIFIED,,,,,,,,,planned,Chưa truy vết action; không suy backend/quyền từ tên ứng viên.,NOT_RUN
H133,handoff_candidate,Tệp và hồ sơ,,share,unclassified,UNVERIFIED,,,,,,,,,planned,Chưa truy vết action; không suy backend/quyền từ tên ứng viên.,NOT_RUN
H134,handoff_candidate,Thông báo và trao đổi,,list_notifications,unclassified,UNVERIFIED,,,,,,,,,planned,Chưa truy vết action; không suy backend/quyền từ tên ứng viên.,NOT_RUN
H135,handoff_candidate,Thông báo và trao đổi,,mark_read,unclassified,UNVERIFIED,,,,,,,,,planned,Chưa truy vết action; không suy backend/quyền từ tên ứng viên.,NOT_RUN
H136,handoff_candidate,Thông báo và trao đổi,,compose_message,unclassified,UNVERIFIED,,,,,,,,,planned,Chưa truy vết action; không suy backend/quyền từ tên ứng viên.,NOT_RUN
H137,handoff_candidate,Thông báo và trao đổi,,resolve_recipients,unclassified,UNVERIFIED,,,,,,,,,planned,Chưa truy vết action; không suy backend/quyền từ tên ứng viên.,NOT_RUN
H138,handoff_candidate,Thông báo và trao đổi,,send_message,unclassified,UNVERIFIED,,,,,,,,,planned,Chưa truy vết action; không suy backend/quyền từ tên ứng viên.,NOT_RUN
H139,handoff_candidate,Thông báo và trao đổi,,comment,unclassified,UNVERIFIED,,,,,,,,,planned,Chưa truy vết action; không suy backend/quyền từ tên ứng viên.,NOT_RUN
H140,handoff_candidate,Thông báo và trao đổi,,submit_feedback,unclassified,UNVERIFIED,,,,,,,,,planned,Chưa truy vết action; không suy backend/quyền từ tên ứng viên.,NOT_RUN
H141,handoff_candidate,Thông báo và trao đổi,,resolve_feedback,unclassified,UNVERIFIED,,,,,,,,,planned,Chưa truy vết action; không suy backend/quyền từ tên ứng viên.,NOT_RUN
H142,handoff_candidate,Quản trị,,request_access,unclassified,UNVERIFIED,,,,,,,,,planned,Chưa truy vết action; không suy backend/quyền từ tên ứng viên.,NOT_RUN
H143,handoff_candidate,Quản trị,,grant_access,unclassified,UNVERIFIED,,,,,,,,,planned,Chưa truy vết action; không suy backend/quyền từ tên ứng viên.,NOT_RUN
H144,handoff_candidate,Quản trị,,revoke_access,unclassified,UNVERIFIED,,,,,,,,,planned,Chưa truy vết action; không suy backend/quyền từ tên ứng viên.,NOT_RUN
H145,handoff_candidate,Quản trị,,set_expiry,unclassified,UNVERIFIED,,,,,,,,,planned,Chưa truy vết action; không suy backend/quyền từ tên ứng viên.,NOT_RUN
H146,handoff_candidate,Quản trị,,manage_role,unclassified,UNVERIFIED,,,,,,,,,planned,Chưa truy vết action; không suy backend/quyền từ tên ứng viên.,NOT_RUN
H147,handoff_candidate,Quản trị,,configure_catalog,unclassified,UNVERIFIED,,,,,,,,,planned,Chưa truy vết action; không suy backend/quyền từ tên ứng viên.,NOT_RUN
H148,handoff_candidate,Quản trị,,view_audit,unclassified,UNVERIFIED,,,,,,,,,planned,Chưa truy vết action; không suy backend/quyền từ tên ứng viên.,NOT_RUN
R001,repository_discovered,Đề xuất chung,request_instance,resubmit,command,STATIC_TRACE,components/request/RequestActionBar.tsx#execute,lib/requestRuntimeService.ts#act -> act_on_request,supabase/migrations/20260903063714_cloud_schema_baseline_v2.sql:343#act_on_request; supabase/migrations/20260903063714_cloud_schema_baseline_v2.sql:39469#act_on_request,request.instance.*; app_private.request_actor_has_lifecycle_action; assignment thật,own/assigned/global theo action,RESUBMIT,Workflow/history/outbox,detail,planned,Chưa có Center preview/execute/receipt/status; cần Cloud behavior tests.,V1 requestActionAvailability/requestRuntimeService unit/mock
R002,repository_discovered,Đề xuất chung,request_instance,cancel,command,STATIC_TRACE,components/request/RequestActionBar.tsx#execute,lib/requestRuntimeService.ts#act -> act_on_request,supabase/migrations/20260903063714_cloud_schema_baseline_v2.sql:343#act_on_request; supabase/migrations/20260903063714_cloud_schema_baseline_v2.sql:39469#act_on_request,request.instance.*; app_private.request_actor_has_lifecycle_action; assignment thật,own/assigned/global theo action,CANCEL,Workflow/history/outbox,detail,planned,Chưa có Center preview/execute/receipt/status; cần Cloud behavior tests.,V1 requestActionAvailability/requestRuntimeService unit/mock
R003,repository_discovered,Đề xuất chung,request_instance,reassign,command,STATIC_TRACE,components/request/RequestActionBar.tsx#execute,lib/requestRuntimeService.ts#act -> act_on_request,supabase/migrations/20260903063714_cloud_schema_baseline_v2.sql:343#act_on_request; supabase/migrations/20260903063714_cloud_schema_baseline_v2.sql:39469#act_on_request,request.instance.*; app_private.request_actor_has_lifecycle_action; assignment thật,own/assigned/global theo action,REASSIGN,Workflow/history/outbox,detail,planned,Chưa có Center preview/execute/receipt/status; cần Cloud behavior tests.,V1 requestActionAvailability/requestRuntimeService unit/mock
R004,repository_discovered,Đề xuất chung,request_instance,edit_content,command,STATIC_TRACE,components/request/RequestEditDialog.tsx,lib/requestRuntimeService.ts#updateContent -> update_request_content,supabase/migrations/20260914045955_request_content_revisions.sql:74#update_request_content; supabase/migrations/20260914045955_request_content_revisions.sql:259#update_request_content,request.instance.*; app_private.request_actor_has_lifecycle_action; assignment thật,own,Sửa theo status; contentRevision,Content/history; cần review reset lượt duyệt theo domain,form,planned,Chưa có Center preview/execute/receipt/status; cần Cloud behavior tests.,V1 requestRuntimeService unit/mock
R005,repository_discovered,Nhật ký,daily_log,publish_progress,command,STATIC_TRACE,components/project/daily-log/DailyLogSummaryWorkspace.tsx,lib/dailyLogWbsService.ts#publishSummary -> publish_daily_log_summary_v1,supabase/migrations/20260923103000_daily_log_summary_revisions.sql:361#publish_daily_log_summary_v1; supabase/migrations/20260925062233_daily_log_shadow_pilot_gate.sql:62#publish_daily_log_summary_v1,Publish-progress permission + shadow/enforced gate,project/construction_site,Duyệt/công bố theo mode thật,Progress publication + mismatch evidence,table,planned,Chưa có Center preview/execute/receipt/status; cần Cloud behavior tests.,NOT_RUN
R006,repository_discovered,Procurement V2,procurement_dossier,list,query,STATIC_TRACE,pages/procurement-v2/ProcurementV2Inbox.tsx,lib/procurement/procurementV2Service.ts#list -> list_procurement_dossiers_v2,supabase/migrations/20260923103023_procurement_v2_dossier_read_model.sql:183#list_procurement_dossiers_v2; supabase/migrations/20260923103023_procurement_v2_dossier_read_model.sql:269#list_procurement_dossiers_v2,RPC dossier visibility; cần expand codes,project/construction_site/cohort,Không đổi,Không; sourceAdapter/lineage,table,planned,Chưa có Center renderer/gateway; cần projection/ACL và Cloud evidence.,NOT_RUN
R007,repository_discovered,Procurement V2,procurement_dossier,view,query,STATIC_TRACE,pages/procurement-v2/ProcurementV2DemandDetail.tsx,lib/procurement/procurementV2Service.ts#get -> get_procurement_dossier_v2,supabase/migrations/20260923103023_procurement_v2_dossier_read_model.sql:175#get_procurement_dossier_v2; supabase/migrations/20260923165407_project_v2_collaboration_lineage.sql:184#get_procurement_dossier_v2,RPC dossier visibility; cần expand codes,project/construction_site/cohort,Không đổi,Không; sourceAdapter/lineage,detail,planned,Chưa có Center renderer/gateway; cần projection/ACL và Cloud evidence.,NOT_RUN
R008,repository_discovered,Project V2,plan,save,command,STATIC_TRACE,pages/project-v2/ProjectV2PlanDetail.tsx; components/project-v2/ProjectV2PlanWorkflowActions.tsx,lib/projectV2/commandService.ts -> save_project_v2_plan_v1,supabase/migrations/20260923092758_project_v2_material_candidates.sql:471#save_project_v2_plan_v1; supabase/migrations/20260923100750_material_plan_procurement_intake.sql:346#save_project_v2_plan_v1,project-v2 canonical permission/cohort; xem RPC,project/workspace/construction_site,Theo planType và version,Plan/lines/revision; material intake theo domain,table,planned,Chưa có Center preview/execute/receipt/status; cần Cloud behavior tests.,V1 projectV2CommandService unit/mock
R009,repository_discovered,Project V2,plan,submit,command,STATIC_TRACE,pages/project-v2/ProjectV2PlanDetail.tsx; components/project-v2/ProjectV2PlanWorkflowActions.tsx,lib/projectV2/commandService.ts -> submit_project_v2_plan_v1,supabase/migrations/20260923075546_project_v2_planning_commands.sql:568#submit_project_v2_plan_v1,project-v2 canonical permission/cohort; xem RPC,project/workspace/construction_site,Theo planType và version,Plan/lines/revision; material intake theo domain,table,planned,Chưa có Center preview/execute/receipt/status; cần Cloud behavior tests.,V1 projectV2CommandService unit/mock
R010,repository_discovered,Project V2,plan,approve,command,STATIC_TRACE,pages/project-v2/ProjectV2PlanDetail.tsx; components/project-v2/ProjectV2PlanWorkflowActions.tsx,lib/projectV2/commandService.ts -> approve_project_v2_plan_v1,supabase/migrations/20260923075546_project_v2_planning_commands.sql:580#approve_project_v2_plan_v1,project-v2 canonical permission/cohort; xem RPC,project/workspace/construction_site,Theo planType và version,Plan/lines/revision; material intake theo domain,table,planned,Chưa có Center preview/execute/receipt/status; cần Cloud behavior tests.,V1 projectV2CommandService unit/mock
R011,repository_discovered,Project V2,plan,return,command,STATIC_TRACE,pages/project-v2/ProjectV2PlanDetail.tsx; components/project-v2/ProjectV2PlanWorkflowActions.tsx,lib/projectV2/commandService.ts -> return_project_v2_plan_v1,supabase/migrations/20260923075546_project_v2_planning_commands.sql:574#return_project_v2_plan_v1,project-v2 canonical permission/cohort; xem RPC,project/workspace/construction_site,Theo planType và version,Plan/lines/revision; material intake theo domain,table,planned,Chưa có Center preview/execute/receipt/status; cần Cloud behavior tests.,V1 projectV2CommandService unit/mock
R012,repository_discovered,Project V2,plan,create_revision,command,STATIC_TRACE,pages/project-v2/ProjectV2PlanDetail.tsx; components/project-v2/ProjectV2PlanWorkflowActions.tsx,lib/projectV2/commandService.ts -> create_project_v2_plan_revision_v1,supabase/migrations/20260923075546_project_v2_planning_commands.sql:586#create_project_v2_plan_revision_v1,project-v2 canonical permission/cohort; xem RPC,project/workspace/construction_site,Theo planType và version,Plan/lines/revision; material intake theo domain,table,planned,Chưa có Center preview/execute/receipt/status; cần Cloud behavior tests.,V1 projectV2CommandService unit/mock
R013,repository_discovered,Vioo Work,work_task,list,query,STATIC_TRACE,pages/work/WorkPage.tsx; pages/work/WorkCreateDrawer.tsx,lib/work/workTaskService.ts#list -> list_work_tasks,supabase/migrations/20260907023329_work_r1a_task_commands.sql:389#list_work_tasks; supabase/migrations/20260909023239_work_task_content_progress.sql:329#list_work_tasks,work task visibility/create scope helpers,own/assigned/department/project/work_workspace,Không đổi,Không,list,planned,Chưa có Center renderer/gateway; cần projection/ACL và Cloud evidence.,NOT_RUN
R014,repository_discovered,Vioo Work,work_task,view,query,STATIC_TRACE,pages/work/WorkPage.tsx; pages/work/WorkCreateDrawer.tsx,lib/work/workTaskService.ts#detail -> get_work_task_detail,supabase/migrations/20260907023329_work_r1a_task_commands.sql:311#get_work_task_detail,work task visibility/create scope helpers,own/assigned/department/project/work_workspace,Không đổi,Không,detail,planned,Chưa có Center renderer/gateway; cần projection/ACL và Cloud evidence.,NOT_RUN
R015,repository_discovered,Vioo Work,work_task,create,command,STATIC_TRACE,pages/work/WorkPage.tsx; pages/work/WorkCreateDrawer.tsx,lib/work/workTaskService.ts#create -> create_work_task,supabase/migrations/20260907023329_work_r1a_task_commands.sql:269#create_work_task,work task visibility/create scope helpers,own/assigned/department/project/work_workspace,Tạo theo Work lifecycle,Task/recipients/audit/outbox,form,planned,Chưa có Center preview/execute/receipt/status; cần Cloud behavior tests.,NOT_RUN
R016,repository_discovered,Vioo Work,workspace_membership,preview_members,query,STATIC_TRACE,pages/work/WorkSpaceMembers.tsx,lib/work/workWorkspaceService.ts -> preview_work_workspace_members,supabase/migrations/20260907090818_work_workspace_membership.sql:1875#preview_work_workspace_members,Workspace membership-management guard,work_workspace,Preview,Membership/audit khi apply,table,planned,Chưa có Center renderer/gateway; cần projection/ACL và Cloud evidence.,V1 workWorkspaceManagement attempt state tests
R017,repository_discovered,Vioo Work,workspace_membership,apply_members,command,STATIC_TRACE,pages/work/WorkSpaceMembers.tsx,lib/work/workWorkspaceService.ts -> apply_work_workspace_members,supabase/migrations/20260907090818_work_workspace_membership.sql:1881#apply_work_workspace_members,Workspace membership-management guard,work_workspace,Apply reviewed member set,Membership/audit khi apply,table,planned,Chưa có Center preview/execute/receipt/status; cần Cloud behavior tests.,V1 workWorkspaceManagement attempt state tests
R018,repository_discovered,Đặt xe,vehicle_booking,create,command,SERVICE_TRACE_UI_ENTRY_ONLY,pages/booking/VehicleBookingLayout.tsx,lib/vehicleBookingService.ts -> create_vehicle_booking,supabase/migrations/20260903063714_cloud_schema_baseline_v2.sql:43105#create_vehicle_booking,vehicle booking command guards; cần trace đủ codes,own/manager/dispatch assignment,Tạo/duyệt theo booking lifecycle,Booking/assignment/notification theo domain,form,planned,Chưa có Center preview/execute/receipt/status; cần Cloud behavior tests.,NOT_RUN
R019,repository_discovered,Đặt xe,vehicle_booking,approve,command,SERVICE_TRACE_UI_ENTRY_ONLY,pages/booking/VehicleBookingLayout.tsx,lib/vehicleBookingService.ts -> approve_vehicle_booking,supabase/migrations/20260903063714_cloud_schema_baseline_v2.sql:41443#approve_vehicle_booking,vehicle booking command guards; cần trace đủ codes,own/manager/dispatch assignment,Tạo/duyệt theo booking lifecycle,Booking/assignment/notification theo domain,form,planned,Chưa có Center preview/execute/receipt/status; cần Cloud behavior tests.,NOT_RUN
R020,repository_discovered,Tài chính,supplier_payment_batch,save_payment_draft,command,STATIC_TRACE,pages/project/ProjectFinanceWorkspace.tsx,lib/supplierPaymentBatchService.ts#saveDraft -> save_supplier_payment_batch_draft_v1,supabase/migrations/20260920071120_atomic_supplier_payment_draft.sql:45#save_supplier_payment_batch_draft_v1; supabase/migrations/20260920071120_atomic_supplier_payment_draft.sql:378#save_supplier_payment_batch_draft_v1,Finance domain permission + rollout guards,project/construction_site,Theo draft/paid/reversed; không tương đương duyệt đề nghị,Batch/allocations/AP/transaction/audit,form,planned,Chưa có Center preview/execute/receipt/status; cần Cloud behavior tests.,NOT_RUN
R021,repository_discovered,Tài chính,supplier_payment_batch,post_payment,command,STATIC_TRACE,pages/project/ProjectFinanceWorkspace.tsx,lib/supplierPaymentBatchService.ts#post -> post_supplier_payment_batch_v2,supabase/migrations/20260921143000_g7_supplier_finance_matching_valuation.sql:793#post_supplier_payment_batch_v2; supabase/migrations/20260921183000_g9_erp_completion_rollout_control.sql:505#post_supplier_payment_batch_v2,Finance domain permission + rollout guards,project/construction_site,Theo draft/paid/reversed; không tương đương duyệt đề nghị,Batch/allocations/AP/transaction/audit,form,planned,Chưa có Center preview/execute/receipt/status; cần Cloud behavior tests.,NOT_RUN
R022,repository_discovered,Tài chính,supplier_payment_batch,reverse_payment,command,STATIC_TRACE,pages/project/ProjectFinanceWorkspace.tsx,lib/supplierPaymentBatchService.ts#reverse -> reverse_supplier_payment_batch_v2,supabase/migrations/20260921143000_g7_supplier_finance_matching_valuation.sql:796#reverse_supplier_payment_batch_v2; supabase/migrations/20260921183000_g9_erp_completion_rollout_control.sql:515#reverse_supplier_payment_batch_v2,Finance domain permission + rollout guards,project/construction_site,Theo draft/paid/reversed; không tương đương duyệt đề nghị,Batch/allocations/AP/transaction/audit,form,planned,Chưa có Center preview/execute/receipt/status; cần Cloud behavior tests.,NOT_RUN
R023,repository_discovered,Kho,transfer,dispatch_transfer,command,STATIC_TRACE,components/TransactionDetailModal.tsx,lib/wmsTransferService.ts -> dispatch_wms_transfer_v1,supabase/migrations/20260921120000_g6_wms_custody_transfer_inventory_count.sql:1121#dispatch_wms_transfer_v1; supabase/migrations/20260921183000_g9_erp_completion_rollout_control.sql:415#dispatch_wms_transfer_v1,Warehouse command and rollout guards,source + target warehouse,Theo transfer lifecycle,Transfer progress/ledger,table,planned,Chưa có Center preview/execute/receipt/status; cần Cloud behavior tests.,NOT_RUN
R024,repository_discovered,Kho,transfer,receive_transfer,command,STATIC_TRACE,components/TransactionDetailModal.tsx,lib/wmsTransferService.ts -> receive_wms_transfer_v1,supabase/migrations/20260921120000_g6_wms_custody_transfer_inventory_count.sql:1128#receive_wms_transfer_v1; supabase/migrations/20260921183000_g9_erp_completion_rollout_control.sql:424#receive_wms_transfer_v1,Warehouse command and rollout guards,source + target warehouse,Theo transfer lifecycle,Transfer progress/ledger,table,planned,Chưa có Center preview/execute/receipt/status; cần Cloud behavior tests.,NOT_RUN
R025,repository_discovered,AI hiện hữu,domain_query,employee_summary,query,GAP_CONFIRMED_FROM_SOURCE,pages/AiAssistant.tsx,supabase/functions/ai-assistant/index.ts#authorizeTool/callToolRpc -> ai_tool_employee_summary,supabase/migrations/20260903063714_cloud_schema_baseline_v2.sql:40133#ai_tool_employee_summary,ai.assistant.use; thiếu TOOL_ACCESS entry cụ thể,Caller domain scope chưa truyền,Không đổi,Dữ liệu đưa vào model/history,table,blocked,F01: service-role query chưa có actor/scope guards trong tuyến đã đọc; không reuse nguyên trạng.,NOT_RUN
R026,repository_discovered,AI hiện hữu,domain_query,project_summary,query,GAP_CONFIRMED_FROM_SOURCE,pages/AiAssistant.tsx,supabase/functions/ai-assistant/index.ts#authorizeTool/callToolRpc -> ai_tool_project_summary,supabase/migrations/20260903063714_cloud_schema_baseline_v2.sql:40654#ai_tool_project_summary,ai.assistant.use; thiếu TOOL_ACCESS entry cụ thể,Caller domain scope chưa truyền,Không đổi,Dữ liệu đưa vào model/history,table,blocked,F01: service-role query chưa có actor/scope guards trong tuyến đã đọc; không reuse nguyên trạng.,NOT_RUN
